{"cameraMode":{"drawMode":0,"name":"Shaded","section":"Shading Mode"},"sceneLighting":true,"audioPlay":false,"sceneViewState":{"m_AlwaysRefresh":false,"showFog":false,"showSkybox":false,"showFlares":false,"showImageEffects":false,"showParticleSystems":true,"showVisualEffectGraphs":true,"m_FxEnabled":true},"in2DMode":false,"pivot":{"x":0.8544347286224365,"y":-0.04182332754135132,"z":-2.5212388038635256},"rotation":{"x":0.20194831490516663,"y":-0.022034412249922754,"z":0.004544329363852739,"w":0.979141354560852},"size":0.40710675716400149,"orthographic":false}